<?xml version="1.0" encoding="UTF-8"?>
<project-private xmlns="http://www.netbeans.org/ns/project-private/1">
    <editor-bookmarks xmlns="http://www.netbeans.org/ns/editor-bookmarks/2" lastBookmarkId="0"/>
    <open-files xmlns="http://www.netbeans.org/ns/projectui-open-files/2">
        <group>
            <file>file:/D:/Just%20sell/EasySeller_Project/web/listProducts.jsp</file>
            <file>file:/D:/Just%20sell/EasySeller_Project/web/listProducts1.jsp</file>
            <file>file:/D:/Just%20sell/EasySeller_Project/web/confirm_order.jsp</file>
            <file>file:/D:/Just%20sell/EasySeller_Project/web/invalid_user.html</file>
            <file>file:/D:/Just%20sell/EasySeller_Project/web/order_summary.jsp</file>
            <file>file:/D:/Just%20sell/EasySeller_Project/web/upload_address.jsp</file>
            <file>file:/D:/Just%20sell/EasySeller_Project/web/login.html</file>
            <file>file:/D:/Just%20sell/EasySeller_Project/web/navbar1.html</file>
            <file>file:/D:/Just%20sell/EasySeller_Project/web/navbar.jsp</file>
            <file>file:/D:/Just%20sell/EasySeller_Project/web/search.jsp</file>
            <file>file:/D:/Just%20sell/EasySeller_Project/web/index.html</file>
            <file>file:/D:/Just%20sell/EasySeller_Project/web/my_profile.jsp</file>
            <file>file:/D:/Just%20sell/EasySeller_Project/web/viewCart.jsp</file>
            <file>file:/D:/Just%20sell/EasySeller_Project/web/navbar.html</file>
        </group>
    </open-files>
</project-private>
